scene_id,sequence_id,phase_id,beat_id,title,location_id,time_of_day,characters_present,wardrobe_refs,prop_refs,prior_scenes,next_expected_links,status,review_status,canon_lock
SC0001,SEQ01,PH_EQUILIBRIUM,B01,Vale Residence Morning Inventory,LOC001,MORNING,C01|C03,WD001|WD004,PROP003,,SC0002,review,needs_human_review,False
SC0002,SEQ01,PH_EQUILIBRIUM,,VALE ENTERPRISE BUILDING — ROMAN'S OPERATIONAL FLOOR — VARDOVA,LOC001,UNKNOWN,C01,,,SC0001,SC0003,scaffolded,needs_human_review,False
SC0003,SEQ01,PH_EQUILIBRIUM,B03,"Nadia and Jin, Mid-Morning",LOC001,MORNING,C01,WD001,PROP001,SC0001|SC0002,SC0004,review,needs_human_review,False
SC0004,SEQ01,PH_EQUILIBRIUM,,RENTED ROOM — VARDOVA EAST QUARTER,LOC001,AFTERNOON,C01,,,SC0003,SC0005,scaffolded,needs_human_review,False
SC0005,SEQ01,PH_EQUILIBRIUM,,THE VALE RESIDENCE — MAIN RECEPTION,LOC001,EVENING,C01,,,SC0004,SC0006,scaffolded,needs_human_review,False
SC0006,SEQ01,PH_EQUILIBRIUM,B06,Nadia Discovers the Camera,LOC002,NIGHT,C01,WD002,,SC0005,SC0007,review,needs_human_review,False
SC0007,SEQ02,PH_EQUILIBRIUM,,ROMAN'S PRIVATE OFFICE — VALE RESIDENCE,LOC001,NIGHT,C01,,,SC0006,SC0008,scaffolded,needs_human_review,False
SC0008,SEQ01,PH_EQUILIBRIUM,B08,Marcus and Nadia's Last Night Together,LOC004,NIGHT,C01|C02|C05,WD002,,SC0007,SC0009,review,needs_human_review,False
SC0009,SEQ01,PH_EQUILIBRIUM,B09,Roman Confirms the Betrayal,LOC001,NIGHT,C01|C02|C05,WD002|WD003,PROP005,SC0008,SC0010,review,needs_human_review,False
SC0010,SEQ02,PH_EQUILIBRIUM,,Roman sets the phone on the shelf.,LOC001,UNKNOWN,C01,,,SC0009,SC0011,scaffolded,needs_human_review,False
SC0011,SEQ03,PH_EQUILIBRIUM,,ROMAN places a document on the table between them.,LOC001,UNKNOWN,C01,,,SC0010,SC0012,scaffolded,needs_human_review,False
SC0012,SEQ03,PH_EQUILIBRIUM,,ROMAN'S FORMAL RECEPTION ROOM — VALE RESIDENCE,LOC001,UNKNOWN,C01,,,SC0011,SC0013,scaffolded,needs_human_review,False
SC0013,SEQ03,PH_EQUILIBRIUM,,NADIA sits at the long table.,LOC001,UNKNOWN,C01,,,SC0012,SC0014,scaffolded,needs_human_review,False
SC0014,SEQ03,PH_EQUILIBRIUM,,JIN'S NURSERY — VALE RESIDENCE,LOC001,EVENING,C01,,,SC0013,SC0015,scaffolded,needs_human_review,False
SC0015,SEQ03,PH_EQUILIBRIUM,,ROMAN'S STUDY — VALE RESIDENCE,LOC001,NIGHT,C01,,,SC0014,SC0016,scaffolded,needs_human_review,False
SC0016,SEQ04,PH_EQUILIBRIUM,,ORACLE PRIME BROADCAST LAYER — NO FIXED LOCATION,LOC001,NIGHT,C01,,,SC0015,SC0017,scaffolded,needs_human_review,False
SC0017,SEQ04,PH_EQUILIBRIUM,,She looks at the space the way someone looks at a space when they are deciding what it means.,LOC001,UNKNOWN,C01,,,SC0016,SC0018,scaffolded,needs_human_review,False
SC0018,SEQ04,PH_EQUILIBRIUM,,THE OUTER DISTRICTS — WAREHOUSE PASSAGE,LOC001,MORNING,C01,,,SC0017,SC0019,scaffolded,needs_human_review,False
SC0019,SEQ04,PH_EQUILIBRIUM,,OUTER DISTRICTS — WAREHOUSE PASSAGE — UPPER FLOOR,LOC001,MORNING,C01,,,SC0018,SC0020,scaffolded,needs_human_review,False
SC0020,SEQ04,PH_EQUILIBRIUM,,OUTER DISTRICTS — COVERED INTERIOR COURTYARD,LOC001,MORNING,C01,,,SC0019,SC0021,scaffolded,needs_human_review,False
SC0021,SEQ05,PH_EQUILIBRIUM,,KESTON'S APARTMENT,LOC001,UNKNOWN,C01,,,SC0020,SC0022,scaffolded,needs_human_review,False
SC0022,SEQ05,PH_EQUILIBRIUM,,INDUSTRIAL LAYER — EAST OF THE OUTER DISTRICTS,LOC001,MORNING,C01,,,SC0021,SC0023,scaffolded,needs_human_review,False
SC0023,SEQ05,PH_EQUILIBRIUM,,"What she knows, inferred.",LOC001,UNKNOWN,C01,,,SC0022,SC0024,scaffolded,needs_human_review,False
SC0024,SEQ05,PH_EQUILIBRIUM,,INDUSTRIAL LAYER — SERVICE ROAD JUNCTION,LOC001,MORNING,C01,,,SC0023,SC0025,scaffolded,needs_human_review,False
SC0025,SEQ05,PH_CONFRONTATION,,THE REPAIR UNIT — EXTERNAL OBSERVATION POSITION,LOC001,MORNING,C01,,,SC0024,SC0026,scaffolded,needs_human_review,False
SC0026,SEQ06,PH_CONFRONTATION,,TOBIAS'S REPAIR UNIT — REAR ENTRANCE,LOC001,UNKNOWN,C01,,,SC0025,SC0027,scaffolded,needs_human_review,False
SC0027,SEQ06,PH_CONFRONTATION,,He works without speaking.,LOC001,UNKNOWN,C01,,,SC0026,SC0028,scaffolded,needs_human_review,False
SC0028,SEQ06,PH_CONFRONTATION,,What the preliminary pass missed:.,LOC001,UNKNOWN,C01,,,SC0027,SC0029,scaffolded,needs_human_review,False
SC0029,SEQ06,PH_CONFRONTATION,,RENNMARK DISTRICT ALLEY,LOC001,UNKNOWN,C01,,,SC0028,SC0030,scaffolded,needs_human_review,False
SC0030,SEQ06,PH_CONFRONTATION,,RENNMARK DISTRICT — INDUSTRIAL ZONE,LOC001,UNKNOWN,C01,,,SC0029,SC0031,scaffolded,needs_human_review,False
SC0031,SEQ07,PH_CONFRONTATION,,Behind her:.,LOC001,UNKNOWN,C01,,,SC0030,SC0032,scaffolded,needs_human_review,False
SC0032,SEQ07,PH_CONFRONTATION,,RENNMARK STAGING COMPLEX — HUNTER COORDINATION HUB,LOC001,UNKNOWN,C01,,,SC0031,SC0033,scaffolded,needs_human_review,False
SC0033,SEQ07,PH_CONFRONTATION,,DISUSED INDUSTRIAL UNIT — NORTH RENNMARK BORDER,LOC001,UNKNOWN,C01,,,SC0032,SC0034,scaffolded,needs_human_review,False
SC0034,SEQ07,PH_CONFRONTATION,,ORACLE PRIME OPERATIONS SUITE,LOC001,UNKNOWN,C01,,,SC0033,SC0035,scaffolded,needs_human_review,False
SC0035,SEQ07,PH_CONFRONTATION,,INDUSTRIAL APPROACH — ZORAL CORRIDOR FRINGE,LOC001,AFTERNOON,C01,,,SC0034,SC0036,scaffolded,needs_human_review,False
SC0036,SEQ08,PH_CONFRONTATION,,HUNTER FIELD STAGING — ZORAL CORRIDOR APPROACH,LOC001,AFTERNOON,C01,,,SC0035,SC0037,scaffolded,needs_human_review,False
SC0037,SEQ08,PH_CONFRONTATION,,CIVILIAN TRANSIT ZONE — ZORAL CORRIDOR FAR SIDE,LOC001,DUSK,C01,,,SC0036,SC0038,scaffolded,needs_human_review,False
SC0038,SEQ08,PH_CONFRONTATION,,MARKET DISTRICT — CENTRAL RELAY PILLAR,LOC001,DUSK,C01,,,SC0037,SC0039,scaffolded,needs_human_review,False
SC0039,SEQ08,PH_CONFRONTATION,,SERVICE UTILITY SPACE — MARKET DISTRICT SUBSTRUCTURE,LOC001,NIGHT,C01,,,SC0038,SC0040,scaffolded,needs_human_review,False
SC0040,SEQ08,PH_CONFRONTATION,,NEWSROOM — SERA'S DESK,LOC001,NIGHT,C01,,,SC0039,SC0041,scaffolded,needs_human_review,False
SC0041,SEQ09,PH_CONFRONTATION,,TRANSIT DISTRICT RENTED ROOM,LOC001,NIGHT,C01,,,SC0040,SC0042,scaffolded,needs_human_review,False
SC0042,SEQ09,PH_CONFRONTATION,,ROMAN'S OPERATIONAL OFFICE — HIGH FLOOR,LOC001,NIGHT,C01,,,SC0041,SC0043,scaffolded,needs_human_review,False
SC0043,SEQ09,PH_CONFRONTATION,,ZORAL CORRIDOR — DECOMMISSIONED CHEMICAL TRANSIT DEPOT,LOC001,NIGHT,C01,,,SC0042,SC0044,scaffolded,needs_human_review,False
SC0044,SEQ09,PH_CONFRONTATION,,"ZORAL CORRIDOR — CHEMICAL TRANSIT DEPOT, DRUM STORAGE BAY",LOC001,UNKNOWN,C01,,,SC0043,SC0045,scaffolded,needs_human_review,False
SC0045,SEQ09,PH_CONFRONTATION,,"ZORAL CORRIDOR — STORM DRAINAGE CULVERT, UNDER TRANSIT ROAD",LOC001,NIGHT,C01,,,SC0044,SC0046,scaffolded,needs_human_review,False
SC0046,SEQ10,PH_CONFRONTATION,,"ZORAL CORRIDOR — FREIGHT TRANSFER DEPOT, MAIN FLOOR",LOC001,UNKNOWN,C01,,,SC0045,SC0047,scaffolded,needs_human_review,False
SC0047,SEQ10,PH_CONFRONTATION,,"MERIN — QUAY DISTRICT, UNIT 14-B",LOC001,MORNING,C01,,,SC0046,SC0048,scaffolded,needs_human_review,False
SC0048,SEQ10,PH_CONFRONTATION,,"MERIN — QUAY DISTRICT, UNIT 14-B",LOC001,MORNING,C01,,,SC0047,SC0049,scaffolded,needs_human_review,False
SC0049,SEQ10,PH_INVERSION,,"MERIN — QUAY DISTRICT, UNIT 14-B",LOC001,MORNING,C01,,,SC0048,SC0050,scaffolded,needs_human_review,False
SC0050,SEQ10,PH_INVERSION,,"MERIN — QUAY DISTRICT, UNIT 14-B",LOC001,MORNING,C01,,,SC0049,SC0051,scaffolded,needs_human_review,False
SC0051,SEQ11,PH_INVERSION,,EASTBOUND TRAIN — FORWARD-FACING SEAT,LOC001,MORNING,C01,,,SC0050,SC0052,scaffolded,needs_human_review,False
SC0052,SEQ11,PH_INVERSION,,EASTBOUND TRAIN — FORWARD-FACING SEAT,LOC001,MORNING,C01,,,SC0051,SC0053,scaffolded,needs_human_review,False
SC0053,SEQ11,PH_INVERSION,,EASTBOUND TRAIN — FORWARD-FACING SEAT,LOC001,MORNING,C01,,,SC0052,SC0054,scaffolded,needs_human_review,False
SC0054,SEQ11,PH_INVERSION,,EASTERN JUNCTION STATION — TRANSIT SHELTER,LOC001,UNKNOWN,C01,,,SC0053,SC0055,scaffolded,needs_human_review,False
SC0055,SEQ11,PH_INVERSION,,EASTERN JUNCTION — STATION CAFÉ,LOC001,UNKNOWN,C01,,,SC0054,SC0056,scaffolded,needs_human_review,False
SC0056,SEQ12,PH_INVERSION,,VELTAIN — ROMAN'S OPERATIONS CENTER,LOC001,NIGHT,C01,,,SC0055,SC0057,scaffolded,needs_human_review,False
SC0057,SEQ12,PH_INVERSION,,REGIONAL BUS — FORWARD SECTION,LOC001,AFTERNOON,C01,,,SC0056,SC0058,scaffolded,needs_human_review,False
SC0058,SEQ12,PH_INVERSION,,REGIONAL BUS — FORWARD SECTION,LOC001,AFTERNOON,C01,,,SC0057,SC0059,scaffolded,needs_human_review,False
SC0059,SEQ12,PH_INVERSION,,"14 HAVEL COURT — NORTHERN SERVICE QUARTER, LINDEN JUNCTION — THIRD FLOOR",LOC001,DUSK,C01,,,SC0058,SC0060,scaffolded,needs_human_review,False
SC0060,SEQ12,PH_INVERSION,,14 HAVEL COURT — SAFE HOUSE UNIT — THIRD FLOOR,LOC001,NIGHT,C01,,,SC0059,SC0061,scaffolded,needs_human_review,False
SC0061,SEQ13,PH_INVERSION,,"TRANSIT VEHICLE — OUTER SERVICE DISTRICT, LINDEN JUNCTION",LOC001,NIGHT,C01,,,SC0060,SC0062,scaffolded,needs_human_review,False
SC0062,SEQ13,PH_INVERSION,,14 HAVEL COURT — SAFE HOUSE UNIT — THIRD FLOOR,LOC001,DAWN,C01,,,SC0061,SC0063,scaffolded,needs_human_review,False
SC0063,SEQ13,PH_INVERSION,,14 HAVEL COURT — THIRD FLOOR,LOC001,DAWN,C01,,,SC0062,SC0064,scaffolded,needs_human_review,False
SC0064,SEQ13,PH_INVERSION,,MERIN OUTER SERVICE DISTRICT,LOC001,DAWN,C01,,,SC0063,SC0065,scaffolded,needs_human_review,False
SC0065,SEQ13,PH_INVERSION,,COLD-STORE EQUIPMENT SHELTER — MERIN WATERFRONT,LOC001,UNKNOWN,C01,,,SC0064,SC0066,scaffolded,needs_human_review,False
SC0066,SEQ14,PH_INVERSION,,VELTAIN — ROMAN'S OPERATIONS CENTER,LOC001,NIGHT,C01,,,SC0065,SC0067,scaffolded,needs_human_review,False
SC0067,SEQ14,PH_INVERSION,,COLD-STORE EQUIPMENT SHELTER — MERIN WATERFRONT,LOC001,MORNING,C01,,,SC0066,SC0068,scaffolded,needs_human_review,False
SC0068,SEQ14,PH_INVERSION,,PUBLIC FACILITY — KASPAR DISTRICT,LOC001,MORNING,C01,,,SC0067,SC0069,scaffolded,needs_human_review,False
SC0069,SEQ14,PH_INVERSION,,KASPAR TERMINAL — LOADING BAY BREAK AREA,LOC001,AFTERNOON,C01,,,SC0068,SC0070,scaffolded,needs_human_review,False
SC0070,SEQ14,PH_INVERSION,,KASPAR TERMINAL — STAFF ROOM,LOC001,AFTERNOON,C01,,,SC0069,SC0071,scaffolded,needs_human_review,False
SC0071,SEQ15,PH_INVERSION,,KASPAR TERMINAL — STAFF ROOM,LOC001,EVENING,C01,,,SC0070,SC0072,scaffolded,needs_human_review,False
SC0072,SEQ15,PH_INVERSION,,KASPAR TERMINAL — SERVICE CORRIDOR,LOC001,NIGHT,C01,,,SC0071,SC0073,scaffolded,needs_human_review,False
SC0073,SEQ15,PH_CRUCIBLE,,KASPAR TERMINAL — STAFF ROOM,LOC001,NIGHT,C01,,,SC0072,SC0074,scaffolded,needs_human_review,False
SC0074,SEQ15,PH_CRUCIBLE,,KASPAR TERMINAL — STAFF ROOM,LOC001,NIGHT,C01,,,SC0073,SC0075,scaffolded,needs_human_review,False
SC0075,SEQ15,PH_CRUCIBLE,,KASPAR TERMINAL — STAFF ROOM,LOC001,NIGHT,C01,,,SC0074,SC0076,scaffolded,needs_human_review,False
SC0076,SEQ16,PH_CRUCIBLE,,KASPAR TERMINAL — STAFF ROOM,LOC001,NIGHT,C01,,,SC0075,SC0077,scaffolded,needs_human_review,False
SC0077,SEQ16,PH_CRUCIBLE,,SERA'S APARTMENT,LOC001,NIGHT,C01,,,SC0076,SC0078,scaffolded,needs_human_review,False
SC0078,SEQ16,PH_CRUCIBLE,,KASPAR TERMINAL — STAFF ROOM,LOC001,NIGHT,C01,,,SC0077,SC0079,scaffolded,needs_human_review,False
SC0079,SEQ16,PH_CRUCIBLE,,KASPAR TERMINAL — STORAGE CORRIDOR,LOC001,NIGHT,C01,,,SC0078,SC0080,scaffolded,needs_human_review,False
SC0080,SEQ16,PH_CRUCIBLE,,CACHE SITE — OUTER TRANSIT HUB,LOC001,NIGHT,C01,,,SC0079,SC0081,scaffolded,needs_human_review,False
SC0081,SEQ17,PH_CRUCIBLE,,Sixty seconds.,LOC001,UNKNOWN,C01,,,SC0080,SC0082,scaffolded,needs_human_review,False
SC0082,SEQ17,PH_CRUCIBLE,,"The ORACLE PRIME monitor on the secondary console — a network terminal the relay station had, still has, still connected on a read-only commercial data feed — u",LOC001,UNKNOWN,C01,,,SC0081,SC0083,scaffolded,needs_human_review,False
SC0083,SEQ17,PH_CRUCIBLE,,"The drainage access is forty meters north of the junction, set into the base of a freight loading bay.",LOC001,UNKNOWN,C01,,,SC0082,SC0084,scaffolded,needs_human_review,False
SC0084,SEQ17,PH_CRUCIBLE,,She reads in silence.,LOC001,UNKNOWN,C01,,,SC0083,SC0085,scaffolded,needs_human_review,False
SC0085,SEQ17,PH_CRUCIBLE,,A long pause.,LOC001,UNKNOWN,C01,,,SC0084,SC0086,scaffolded,needs_human_review,False
SC0086,SEQ18,PH_CRUCIBLE,,The second filing had gone out at the same time as the first.,LOC001,UNKNOWN,C01,,,SC0085,SC0087,scaffolded,needs_human_review,False
SC0087,SEQ18,PH_CRUCIBLE,,ROMAN'S PRIVATE OFFICE — VELTAIN COMPOUND,LOC001,UNKNOWN,C01,,,SC0086,SC0088,scaffolded,needs_human_review,False
SC0088,SEQ18,PH_CRUCIBLE,,He moves to the desk.,LOC001,UNKNOWN,C01,,,SC0087,SC0089,scaffolded,needs_human_review,False
SC0089,SEQ18,PH_CRUCIBLE,,NORTHERN TRANSIT CORRIDOR — OUTER DISTRICT PERIMETER,LOC001,NIGHT,C01,,,SC0088,SC0090,scaffolded,needs_human_review,False
SC0090,SEQ18,PH_CRUCIBLE,,DRAINAGE CONDUIT,LOC001,UNKNOWN,C01,,,SC0089,SC0091,scaffolded,needs_human_review,False
SC0091,SEQ19,PH_CRUCIBLE,,OUTER PERIMETER — NORTHWEST APPROACH,LOC001,UNKNOWN,C01,,,SC0090,SC0092,scaffolded,needs_human_review,False
SC0092,SEQ19,PH_CRUCIBLE,,VELTAIN OUTER APPROACH — PERIMETER RIDGE,LOC001,DAWN,C01,,,SC0091,SC0093,scaffolded,needs_human_review,False
SC0093,SEQ19,PH_CRUCIBLE,,VELTAIN OUTER WALL — WESTERN SECTOR,LOC001,UNKNOWN,C01,,,SC0092,SC0094,scaffolded,needs_human_review,False
SC0094,SEQ19,PH_CRUCIBLE,,VELTAIN INNER DISTRICT — SERVICE CORRIDOR,LOC001,DAWN,C01,,,SC0093,SC0095,scaffolded,needs_human_review,False
SC0095,SEQ19,PH_CRUCIBLE,,VELTAIN STAGING POSITION — SECONDARY RESIDENTIAL MAINTENANCE LEVEL,LOC001,DAWN,C01,,,SC0094,SC0096,scaffolded,needs_human_review,False
SC0096,SEQ20,PH_CRUCIBLE,,VELTAIN SERVICE INFRASTRUCTURE — JUNCTION CORRIDOR,LOC001,DAWN,C01,,,SC0095,SC0097,scaffolded,needs_human_review,False
SC0097,SEQ20,PH_RESOLUTION,,ORACLE PRIME BROADCAST OPERATIONS CENTER,LOC001,NIGHT,C01,,,SC0096,SC0098,scaffolded,needs_human_review,False
SC0098,SEQ20,PH_RESOLUTION,,VELTAIN COMPOUND — OUTER PERIMETER,LOC001,NIGHT,C01,,,SC0097,SC0099,scaffolded,needs_human_review,False
SC0099,SEQ20,PH_RESOLUTION,,VELTAIN COMPOUND — PRIMARY APPROACH / NORTH GATE,LOC001,NIGHT,C01,,,SC0098,SC0100,scaffolded,needs_human_review,False
SC0100,SEQ20,PH_RESOLUTION,,VELTAIN COMPOUND — SERVICE CORRIDOR / EAST FACE,LOC001,UNKNOWN,C01,,,SC0099,SC0101,scaffolded,needs_human_review,False
SC0101,SEQ21,PH_RESOLUTION,,KESTON LALE'S RESIDENCE,LOC001,UNKNOWN,C01,,,SC0100,SC0102,scaffolded,needs_human_review,False
SC0102,SEQ21,PH_RESOLUTION,,ORACLE PRIME PLATFORM — SUBSCRIBER FEED,LOC001,UNKNOWN,C01,,,SC0101,SC0103,scaffolded,needs_human_review,False
SC0103,SEQ21,PH_RESOLUTION,,VELTAIN COMPOUND — CONTROL ROOM,LOC001,UNKNOWN,C01,,,SC0102,SC0104,scaffolded,needs_human_review,False
SC0104,SEQ21,PH_RESOLUTION,,VELTAIN COMPOUND — EAST EQUIPMENT ROOM,LOC001,UNKNOWN,C01,,,SC0103,SC0105,scaffolded,needs_human_review,False
SC0105,SEQ21,PH_RESOLUTION,,VELTAIN COMPOUND — UPPER CORRIDOR,LOC001,NIGHT,C01,,,SC0104,SC0106,scaffolded,needs_human_review,False
SC0106,SEQ22,PH_RESOLUTION,,VELTAIN COMPOUND — BROADCAST TERMINAL ROOM,LOC001,NIGHT,C01,,,SC0105,SC0107,scaffolded,needs_human_review,False
SC0107,SEQ22,PH_RESOLUTION,,VELTAIN COMPOUND — TECHNICAL CONTROL ROOM,LOC001,NIGHT,C01,,,SC0106,SC0108,scaffolded,needs_human_review,False
SC0108,SEQ22,PH_RESOLUTION,,VELTAIN COMPOUND — INNER CORRIDOR,LOC001,UNKNOWN,C01,,,SC0107,SC0109,scaffolded,needs_human_review,False
SC0109,SEQ22,PH_RESOLUTION,,VELTAIN COMPOUND — SERVER CORE ANTECHAMBER,LOC001,UNKNOWN,C01,,,SC0108,SC0110,scaffolded,needs_human_review,False
SC0110,SEQ22,PH_RESOLUTION,,VELTAIN COMPOUND — ANTECHAMBER CORRIDOR,LOC001,UNKNOWN,C01,,,SC0109,SC0111,scaffolded,needs_human_review,False
SC0111,SEQ23,PH_RESOLUTION,,VELTAIN COMPOUND — ANTECHAMBER CORRIDOR,LOC001,UNKNOWN,C01,,,SC0110,SC0112,scaffolded,needs_human_review,False
SC0112,SEQ23,PH_RESOLUTION,,VELTAIN COMPOUND — ANTECHAMBER CORRIDOR,LOC001,UNKNOWN,C01,,,SC0111,SC0113,scaffolded,needs_human_review,False
SC0113,SEQ23,PH_RESOLUTION,,VELTAIN COMPOUND — INTERNAL CORRIDOR / SERVICE DESCENT,LOC001,UNKNOWN,C01,,,SC0112,SC0114,scaffolded,needs_human_review,False
SC0114,SEQ23,PH_RESOLUTION,,VELTAIN COMPOUND — HOLDING AREA / EXTERIOR,LOC001,UNKNOWN,C01,,,SC0113,SC0115,scaffolded,needs_human_review,False
SC0115,SEQ23,PH_RESOLUTION,,The compound's service road ends where VELTAIN's perimeter becomes street.,LOC001,UNKNOWN,C01,,,SC0114,SC0116,scaffolded,needs_human_review,False
SC0116,SEQ24,PH_RESOLUTION,,[HERALD BROADCAST FEED — TRANSMISSION SPACE],LOC001,UNKNOWN,C01,,,SC0115,SC0117,scaffolded,needs_human_review,False
SC0117,SEQ24,PH_RESOLUTION,,The transit hub is directly ahead.,LOC001,UNKNOWN,C01,,,SC0116,SC0118,scaffolded,needs_human_review,False
SC0118,SEQ24,PH_RESOLUTION,,RECOVERY ROOM,LOC001,AFTERNOON,C01,,,SC0117,SC0119,scaffolded,needs_human_review,False
SC0119,SEQ24,PH_RESOLUTION,,Okafor stands.,LOC001,UNKNOWN,C01,,,SC0118,SC0120,scaffolded,needs_human_review,False
SC0120,SEQ24,PH_RESOLUTION,,The approach is the one she uses for everything that requires precision without sentiment: triage first.,LOC001,UNKNOWN,C01,,,SC0119,,scaffolded,needs_human_review,False
